{
  "swagger": "2.0",
  "info": {
    "title": "Library",
    "description": "Meine tolle Bibliothek API",
    "version": "1.0.0"
  },
  "host": "localhost:3000",
  "basePath": "/",
  "schemes": [
    "http"
  ],
  "paths": {
    "/books": {
      "get": {
        "description": "",
        "responses": {
          "200": {
            "description": "OK"
          }
        }
      },
      "post": {
        "description": "",
        "parameters": [
          {
            "name": "body",
            "in": "body",
            "schema": {
              "type": "object",
              "properties": {
                "isbn": {
                  "example": "any"
                },
                "title": {
                  "example": "any"
                },
                "year": {
                  "example": "any"
                },
                "author": {
                  "example": "any"
                }
              }
            }
          }
        ],
        "responses": {
          "201": {
            "description": "Created"
          },
          "409": {
            "description": "Conflict"
          },
          "422": {
            "description": "Unprocessable Entity"
          }
        }
      }
    },
    "/books/{isbn}": {
      "get": {
        "description": "",
        "parameters": [
          {
            "name": "isbn",
            "in": "path",
            "required": true,
            "type": "string"
          }
        ],
        "responses": {
          "200": {
            "description": "OK"
          },
          "404": {
            "description": "Not Found"
          }
        }
      },
      "put": {
        "description": "",
        "parameters": [
          {
            "name": "isbn",
            "in": "path",
            "required": true,
            "type": "string"
          },
          {
            "name": "body",
            "in": "body",
            "schema": {
              "type": "object",
              "properties": {
                "isbn": {
                  "example": "any"
                },
                "title": {
                  "example": "any"
                },
                "year": {
                  "example": "any"
                },
                "author": {
                  "example": "any"
                }
              }
            }
          }
        ],
        "responses": {
          "201": {
            "description": "Created"
          },
          "404": {
            "description": "Not Found"
          },
          "422": {
            "description": "Unprocessable Entity"
          }
        }
      },
      "delete": {
        "description": "",
        "parameters": [
          {
            "name": "isbn",
            "in": "path",
            "required": true,
            "type": "string"
          }
        ],
        "responses": {
          "200": {
            "description": "OK"
          }
        }
      },
      "patch": {
        "description": "",
        "parameters": [
          {
            "name": "isbn",
            "in": "path",
            "required": true,
            "type": "string"
          },
          {
            "name": "body",
            "in": "body",
            "schema": {
              "type": "object",
              "properties": {
                "isbn": {
                  "example": "any"
                },
                "title": {
                  "example": "any"
                },
                "year": {
                  "example": "any"
                },
                "author": {
                  "example": "any"
                }
              }
            }
          }
        ],
        "responses": {
          "200": {
            "description": "OK"
          },
          "404": {
            "description": "Not Found"
          },
          "422": {
            "description": "Unprocessable Entity"
          }
        }
      }
    },
    "/lends": {
      "get": {
        "description": "",
        "responses": {
          "200": {
            "description": "OK"
          },
          "400": {
            "description": "Bad Request"
          }
        }
      },
      "post": {
        "description": "",
        "parameters": [
          {
            "name": "body",
            "in": "body",
            "schema": {
              "type": "object",
              "properties": {
                "customer_id": {
                  "example": "any"
                },
                "isbn": {
                  "example": "any"
                },
                "id": {
                  "example": "any"
                },
                "borrowed_at": {
                  "example": "any"
                }
              }
            }
          }
        ],
        "responses": {
          "200": {
            "description": "OK"
          },
          "400": {
            "description": "Bad Request"
          },
          "422": {
            "description": "Unprocessable Entity"
          }
        }
      }
    },
    "/lends/{id}": {
      "get": {
        "description": "",
        "parameters": [
          {
            "name": "id",
            "in": "path",
            "required": true,
            "type": "string"
          }
        ],
        "responses": {
          "200": {
            "description": "OK"
          },
          "400": {
            "description": "Bad Request"
          }
        }
      },
      "delete": {
        "description": "",
        "parameters": [
          {
            "name": "id",
            "in": "path",
            "required": true,
            "type": "string"
          }
        ],
        "responses": {
          "200": {
            "description": "OK"
          },
          "400": {
            "description": "Bad Request"
          },
          "404": {
            "description": "Not Found"
          }
        }
      }
    },
    "/login": {
      "post": {
        "description": "",
        "parameters": [
          {
            "name": "body",
            "in": "body",
            "schema": {
              "type": "object",
              "properties": {
                "email": {
                  "example": "any"
                },
                "password": {
                  "example": "any"
                }
              }
            }
          }
        ],
        "responses": {
          "201": {
            "description": "Created"
          },
          "400": {
            "description": "Bad Request"
          }
        }
      }
    },
    "/verify": {
      "get": {
        "description": "",
        "responses": {
          "200": {
            "description": "OK"
          },
          "401": {
            "description": "Unauthorized"
          }
        }
      }
    },
    "/logout": {
      "delete": {
        "description": "",
        "responses": {
          "204": {
            "description": "No Content"
          },
          "400": {
            "description": "Bad Request"
          }
        }
      }
    }
  }
}